BRAKE ON,13.8,15.1
START LOOSE,41.233333333333334,48.36666666666667
JACK UP,50.666666666666664,55.56666666666667
UNSCREW WHEEL,55.766666666666666,58.4
WITHDRAW WHEEL,58.4,59.833333333333336
PUT WHEEL,65.96666666666667,71.5
SCREW WHEEL,71.5,77.46666666666667
JACK DOWN,77.46666666666667,82.2
TIGHT WHEEL,83.96666666666667,89.5
PUT THINGS BACK,89.63333333333334,94.83333333333333
