GET THINGS OUT,52.1,73.7
START LOOSE,83.6,87.73333333333333
JACK UP,98.23333333333333,110.33333333333333
UNSCREW WHEEL,110.53333333333333,137.83333333333334
WITHDRAW WHEEL,176.66666666666666,186.36666666666667
PUT WHEEL,186.36666666666667,197.63333333333333
UNSCREW WHEEL,166.36666666666667,176.86666666666667
SCREW WHEEL,198.7,200.3
JACK DOWN,202.93333333333334,204.9
TIGHT WHEEL,205.96666666666667,216.8
TIGHT WHEEL,218.9,227.73333333333332
