FILL WATER,0.5,9.5
PUT FILTER,27.0,30.233333333333334
SCREW TOP,131.2,146.66666666666666
PUT STOVE,163.66666666666666,166.66666666666666
SEE COFFEE,360.06666666666666,415.76666666666665
WITHDRAW STOVE,422.76666666666665,424.53333333333336
POUR COFEE,424.53333333333336,429.03333333333336
