FILL WATER,1.1,6.8
PUT FILTER,55.36666666666667,56.733333333333334
ADD COFFEE,104.73333333333333,119.93333333333334
EVEN SURFACE,127.53333333333333,158.46666666666667
PUT FILTER,165.5,167.7
SCREW TOP,171.2,180.16666666666666
PUT STOVE,180.43333333333334,182.86666666666667
SEE COFFEE,323.7,365.2
WITHDRAW STOVE,376.3333333333333,381.46666666666664
POUR COFEE,461.23333333333335,466.6666666666667
