FILL WATER,4.6,15.1
PUT FILTER,22.366666666666667,23.733333333333334
SEE COFFEE,187.23333333333332,194.2
POUR COFEE,277.9,291.93333333333334
