CONNECT REDEMPTY,55.6,59.3
GROUND BLACK,60.733333333333334,64.26666666666667
REMOVE GROUND,137.7,140.6
DISCONNECT REDEMPTY,141.8,144.56666666666666
