TAP POT,2.5,5.1
TAKE PLANT,5.1,6.7
LOOSEN ROOT,12.066666666666666,27.966666666666665
PUT SOIL,35.266666666666666,39.833333333333336
PUT SOIL,43.233333333333334,44.46666666666667
PLACE PLANT,44.46666666666667,46.266666666666666
ADD TOP,60.9,67.33333333333333
ADD TOP,69.1,70.8
ADD TOP,72.5,74.63333333333334
ADD TOP,75.8,80.0
ADD TOP,98.73333333333333,107.56666666666666
ADD TOP,130.26666666666668,143.0
