COVER HOLE,2.8,6.9
PUT SOIL,30.7,40.2
TAP POT,58.53333333333333,65.4
TAKE PLANT,65.4,69.83333333333333
LOOSEN ROOT,69.83333333333333,83.83333333333333
PLACE PLANT,87.13333333333334,92.1
ADD TOP,104.86666666666666,114.7
WATER PLANT,133.3,141.63333333333333
